{
    "accuracy": 0.7679938744257274,
    "precision": 0.8059631467368694,
    "recall": 0.7762113658964673,
    "f1_score": 0.7790049073761662
}