{
    "accuracy": 0.77947932618683,
    "precision": 0.7970764237587162,
    "recall": 0.7794176168727233,
    "f1_score": 0.7843207064745399
}