{
    "accuracy": 0.8185689948892675,
    "precision": 0.848515675313804,
    "recall": 0.8113776045258493,
    "f1_score": 0.8233215940810198
}