{
    "accuracy": 0.777947932618683,
    "precision": 0.8119747045991886,
    "recall": 0.7755694562584962,
    "f1_score": 0.7814829606430087
}