{
    "accuracy": 0.7825421133231241,
    "precision": 0.8211684507792882,
    "recall": 0.7774603995262322,
    "f1_score": 0.7906331035257389
}