{
    "accuracy": 0.8066439522998297,
    "precision": 0.8136064348692228,
    "recall": 0.8057497317212582,
    "f1_score": 0.803942196846363
}