{
    "accuracy": 0.7588055130168453,
    "precision": 0.7814000403339733,
    "recall": 0.761916581855493,
    "f1_score": 0.7656465567966463
}