{
    "accuracy": 0.7917304747320061,
    "precision": 0.8130574192541739,
    "recall": 0.7823604163761977,
    "f1_score": 0.7922746273991876
}