{
    "accuracy": 0.8304940374787053,
    "precision": 0.8532594876560801,
    "recall": 0.8352287491093807,
    "f1_score": 0.8389457642488963
}