{
    "accuracy": 0.7964224872231687,
    "precision": 0.8211623100616298,
    "recall": 0.7817382667992888,
    "f1_score": 0.7927748031648058
}