{
    "accuracy": 0.777947932618683,
    "precision": 0.8010061765902742,
    "recall": 0.7819195023302857,
    "f1_score": 0.7834199507954297
}