{
    "accuracy": 0.7817764165390505,
    "precision": 0.7987574523154723,
    "recall": 0.7803945385173426,
    "f1_score": 0.7872564368462834
}