{
    "accuracy": 0.8449744463373083,
    "precision": 0.8537318198228135,
    "recall": 0.8451286101343491,
    "f1_score": 0.847347448623688
}