{
    "accuracy": 0.807495741056218,
    "precision": 0.8221336823054712,
    "recall": 0.8136136390008617,
    "f1_score": 0.8119300912660242
}