{
    "accuracy": 0.8424190800681431,
    "precision": 0.8498921324999779,
    "recall": 0.8519543912890623,
    "f1_score": 0.8476824791047873
}