{
    "accuracy": 0.7434915773353752,
    "precision": 0.7830082776638022,
    "recall": 0.755443633056832,
    "f1_score": 0.7566668697167103
}