{
    "accuracy": 0.7718223583460949,
    "precision": 0.7942588030332715,
    "recall": 0.7684554889753596,
    "f1_score": 0.7738905486512038
}