{
    "accuracy": 0.8560477001703578,
    "precision": 0.8625441155362062,
    "recall": 0.8584367066915766,
    "f1_score": 0.8571351654768335
}