{
    "accuracy": 0.84412265758092,
    "precision": 0.8457584807886181,
    "recall": 0.8451634985484547,
    "f1_score": 0.8446443108849943
}