{
    "accuracy": 0.8015332197614992,
    "precision": 0.8043976784098664,
    "recall": 0.7941309184942945,
    "f1_score": 0.7915329434276019
}