{
    "accuracy": 0.7862010221465077,
    "precision": 0.8081955031831365,
    "recall": 0.8005096935227111,
    "f1_score": 0.8001866490724087
}