{
    "accuracy": 0.813458262350937,
    "precision": 0.8167984693877552,
    "recall": 0.81096409532921,
    "f1_score": 0.8106138207792771
}