{
    "accuracy": 0.776416539050536,
    "precision": 0.7991714989093145,
    "recall": 0.7705121280350923,
    "f1_score": 0.7750738468742023
}