{
    "accuracy": 0.7718223583460949,
    "precision": 0.7990452226010213,
    "recall": 0.768777216111851,
    "f1_score": 0.775560582243307
}