{
    "accuracy": 0.7450229709035222,
    "precision": 0.805453900853407,
    "recall": 0.7584862015447563,
    "f1_score": 0.7640849148892844
}