{
    "accuracy": 0.7848392036753445,
    "precision": 0.8197123661157847,
    "recall": 0.7859130600591028,
    "f1_score": 0.793824292540462
}