{
    "accuracy": 0.7373660030627871,
    "precision": 0.7996658399137352,
    "recall": 0.738856307786162,
    "f1_score": 0.75404794118348
}