{
    "accuracy": 0.7534456355283308,
    "precision": 0.7996468033932462,
    "recall": 0.7563082456093041,
    "f1_score": 0.7672751171756663
}