{
    "accuracy": 0.833901192504259,
    "precision": 0.8466411677831087,
    "recall": 0.8353661666297111,
    "f1_score": 0.8373473192925887
}