{
    "accuracy": 0.8160136286201022,
    "precision": 0.835135677756444,
    "recall": 0.8149077395652605,
    "f1_score": 0.8216846093154112
}