{
    "accuracy": 0.8330494037478705,
    "precision": 0.8496383875467446,
    "recall": 0.8414040234265628,
    "f1_score": 0.8394612399649647
}