{
    "accuracy": 0.8001531393568146,
    "precision": 0.8257416836724963,
    "recall": 0.7935065987900579,
    "f1_score": 0.8040858459256223
}