{
    "accuracy": 0.8168654173764907,
    "precision": 0.8250374098176042,
    "recall": 0.8175474483096533,
    "f1_score": 0.8188916279256261
}