{
    "accuracy": 0.8313458262350937,
    "precision": 0.8367215918939211,
    "recall": 0.8284757943807478,
    "f1_score": 0.8320235896807269
}