{
    "accuracy": 0.7863705972434916,
    "precision": 0.7994895404832869,
    "recall": 0.7908441302047672,
    "f1_score": 0.790701151570025
}