{
    "accuracy": 0.774885145482389,
    "precision": 0.8253747798496721,
    "recall": 0.7717554026600997,
    "f1_score": 0.7828976224865133
}