{
    "accuracy": 0.8126064735945485,
    "precision": 0.8243357638722482,
    "recall": 0.8116689765853926,
    "f1_score": 0.8142425553250051
}