{
    "accuracy": 0.7917304747320061,
    "precision": 0.8181613321276172,
    "recall": 0.7936472626462053,
    "f1_score": 0.8002780845175703
}