{
    "accuracy": 0.8296422487223168,
    "precision": 0.8397100747693602,
    "recall": 0.828345032461332,
    "f1_score": 0.8322083227149326
}