{
    "accuracy": 0.854344122657581,
    "precision": 0.8540344112464445,
    "recall": 0.8576688248555794,
    "f1_score": 0.855727978035044
}