{
    "accuracy": 0.8432708688245315,
    "precision": 0.8494202654500936,
    "recall": 0.8515596167779447,
    "f1_score": 0.8475037540842779
}