{
    "accuracy": 0.8551959114139693,
    "precision": 0.8535892286530452,
    "recall": 0.8547979676621847,
    "f1_score": 0.8534797700110947
}