{
    "accuracy": 0.8185298621745789,
    "precision": 0.8235383276900956,
    "recall": 0.8210181316342787,
    "f1_score": 0.8216723472363953
}