{
    "accuracy": 0.8637137989778535,
    "precision": 0.8653921993814899,
    "recall": 0.8713706862464362,
    "f1_score": 0.8667040815985344
}