{
    "accuracy": 0.8139356814701378,
    "precision": 0.8220566420791487,
    "recall": 0.8146908611669236,
    "f1_score": 0.8171183816268678
}