{
    "accuracy": 0.8162327718223583,
    "precision": 0.8273736410320778,
    "recall": 0.8194293921703072,
    "f1_score": 0.8223563885923716
}