{
    "accuracy": 0.823679727427598,
    "precision": 0.8342048174536479,
    "recall": 0.8383912492450606,
    "f1_score": 0.8319637372373486
}