{
    "accuracy": 0.8364565587734242,
    "precision": 0.8496320213322952,
    "recall": 0.8420477191444795,
    "f1_score": 0.8437072434909623
}