{
    "accuracy": 0.8458262350936968,
    "precision": 0.856906481472041,
    "recall": 0.8501353210011233,
    "f1_score": 0.8512450668734624
}