{
    "accuracy": 0.830781010719755,
    "precision": 0.8432312195893344,
    "recall": 0.8400990091730541,
    "f1_score": 0.8384346103887252
}