{
    "accuracy": 0.7917304747320061,
    "precision": 0.8068435027373839,
    "recall": 0.7846681863099495,
    "f1_score": 0.7929132346190721
}