{
    "accuracy": 0.8270868824531517,
    "precision": 0.837798434295661,
    "recall": 0.8318507539371947,
    "f1_score": 0.8314716963653019
}