{
    "accuracy": 0.7672281776416539,
    "precision": 0.7940887636533639,
    "recall": 0.770924566928617,
    "f1_score": 0.7751041312672659
}