{
    "accuracy": 0.8424190800681431,
    "precision": 0.8475742861220601,
    "recall": 0.847795857053293,
    "f1_score": 0.846868622410132
}