{
    "accuracy": 0.8300153139356815,
    "precision": 0.83874654880641,
    "recall": 0.8365792738226392,
    "f1_score": 0.8366173469921133
}