{
    "accuracy": 0.8169984686064319,
    "precision": 0.8360292084941562,
    "recall": 0.8149038083529793,
    "f1_score": 0.8230026667760959
}