{
    "accuracy": 0.8085758039816233,
    "precision": 0.819774846833572,
    "recall": 0.8139334138391513,
    "f1_score": 0.8154335172125678
}