{
    "accuracy": 0.8475298126064736,
    "precision": 0.8542952050803256,
    "recall": 0.8483530255730222,
    "f1_score": 0.8503118160239254
}