{
    "accuracy": 0.8070444104134763,
    "precision": 0.8227083228749086,
    "recall": 0.810250030385998,
    "f1_score": 0.8126959083975352
}