{
    "accuracy": 0.8330494037478705,
    "precision": 0.8327326406430694,
    "recall": 0.8335325472728704,
    "f1_score": 0.8316104017598049
}